bbref_name,bbref_id,nba_name,nba_id
Precious Achiuwa,achiupr01,Precious Achiuwa,1630173
Steven Adams,adamsst01,Steven Adams,203500
Bam Adebayo,adebaba01,Bam Adebayo,1628389
Ochai Agbaji,agbajoc01,Ochai Agbaji,1630534
Santi Aldama,aldamsa01,Santi Aldama,1630583
Nickeil Alexander-Walker,alexani01,Nickeil Alexander-Walker,1629638
Grayson Allen,allengr01,Grayson Allen,1628960
Jarrett Allen,allenja01,Jarrett Allen,1628386
Jose Alvarado,alvarjo01,Jose Alvarado,1630631
Kyle Anderson,anderky01,Kyle Anderson,203937
Giannis Antetokounmpo,antetgi01,Giannis Antetokounmpo,203507
Thanasis Antetokounmpo,antetth01,Thanasis Antetokounmpo,203648
Cole Anthony,anthoco01,Cole Anthony,1630175
Ryan Arcidiacono,arcidry01,Ryan Arcidiacono,1627853
Deni Avdija,avdijde01,Deni Avdija,1630166
Deandre Ayton,aytonde01,Deandre Ayton,1629028
Udoka Azubuike,azubuud01,Udoka Azubuike,1628962
Marvin Bagley III,baglema01,Marvin Bagley III,1628963
LaMelo Ball,ballla01,LaMelo Ball,1630163
Mo Bamba,bambamo01,Mo Bamba,1628964
Paolo Banchero,banchpa01,Paolo Banchero,1631094
Desmond Bane,banede01,Desmond Bane,1630217
Dalano Banton,bantoda01,Dalano Banton,1630625
Dominick Barlow,barlodo01,Dominick Barlow,1631230
Harrison Barnes,barneha02,Harrison Barnes,203084
Scottie Barnes,barnesc01,Scottie Barnes,1630567
RJ Barrett,barrerj01,RJ Barrett,1629628
Will Barton,bartowi01,Will Barton,203115
Nicolas Batum,batumni01,Nicolas Batum,201587
Darius Bazley,bazleda01,Darius Bazley,1629647
Bradley Beal,bealbr01,Bradley Beal,203078
Malik Beasley,beaslma01,Malik Beasley,1627736
MarJon Beauchamp,beaucma01,MarJon Beauchamp,1630699
Patrick Beverley,beverpa01,Patrick Beverley,201976
Saddiq Bey,beysa01,Saddiq Bey,1630180
Khem Birch,birchkh01,Khem Birch,203920
Goga Bitadze,bitadgo01,Goga Bitadze,1629048
Bismack Biyombo,biyombi01,Bismack Biyombo,202687
Buddy Boeheim,boehebu01,Buddy Boeheim,1631205
Bol Bol,bolbo01,Bol Bol,1629626
Leandro Bolmaro,bolmale01,Leandro Bolmaro,1630195
Devin Booker,bookede01,Devin Booker,1626164
Brandon Boston Jr.,bostobr01,Brandon Boston Jr.,1630527
Chris Boucher,bouchch01,Chris Boucher,1628449
James Bouknight,bouknja01,James Bouknight,1630547
Jamaree Bouyea,bouyeja01,Jamaree Bouyea,1631123
Tony Bradley,bradlto01,Tony Bradley,1628396
Malaki Branham,branhma01,Malaki Branham,1631103
Jarrell Brantley,brantja01,Jarrell Brantley,1629714
Christian Braun,braunch01,Christian Braun,1631128
Mikal Bridges,bridgmi01,Mikal Bridges,1628969
Oshae Brissett,brissos01,Oshae Brissett,1629052
Malcolm Brogdon,brogdma01,Malcolm Brogdon,1627763
Dillon Brooks,brookdi01,Dillon Brooks,1628415
Bruce Brown,brownbr01,Bruce Brown,1628971
Greg Brown III,browngr01,Greg Brown III,1630535
Jaylen Brown,brownja02,Jaylen Brown,1627759
Kendall Brown,brownke03,Kendall Brown,1631112
Moses Brown,brownmo01,Moses Brown,1629650
Sterling Brown,brownst02,Sterling Brown,1628425
Troy Brown Jr.,browntr01,Troy Brown Jr.,1628972
Jalen Brunson,brunsja01,Jalen Brunson,1628973
Thomas Bryant,bryanth01,Thomas Bryant,1628418
Reggie Bullock,bullore01,Reggie Bullock,203493
Alec Burks,burksal01,Alec Burks,202692
Deonte Burton,burtode02,Deonte Burton,1629126
Jared Butler,butleja02,Jared Butler,1630215
Jimmy Butler,butleji01,Jimmy Butler,202710
Jamal Cain,cainja01,Jamal Cain,1631288
Kentavious Caldwell-Pope,caldwke01,Kentavious Caldwell-Pope,203484
Facundo Campazzo,campafa01,Facundo Campazzo,1630267
Clint Capela,capelca01,Clint Capela,203991
Vernon Carey Jr.,careyve01,Vernon Carey Jr.,1630176
Jevon Carter,carteje01,Jevon Carter,1628975
Michael Carter-Williams,cartemi01,Michael Carter-Williams,203487
Wendell Carter Jr.,cartewe01,Wendell Carter Jr.,1628976
Alex Caruso,carusal01,Alex Caruso,1627936
Justin Champagnie,champju01,Justin Champagnie,1630551
Julian Champagnie,champju02,Julian Champagnie,1630577
Kennedy Chandler,chandke01,Kennedy Chandler,1631113
Josh Christopher,chrisjo01,Josh Christopher,1630528
Max Christie,chrisma02,Max Christie,1631108
Brandon Clarke,clarkbr01,Brandon Clarke,1629634
Jordan Clarkson,clarkjo01,Jordan Clarkson,203903
Nic Claxton,claxtni01,Nic Claxton,1629651
Amir Coffey,coffeam01,Amir Coffey,1629599
John Collins,collijo01,John Collins,1628381
Zach Collins,colliza01,Zach Collins,1628380
Chance Comanche,comanch01,Chance Comanche,1628435
Mike Conley,conlemi01,Mike Conley,201144
Pat Connaughton,connapa01,Pat Connaughton,1626192
Xavier Cooks,cooksxa01,Xavier Cooks,1641645
Robert Covington,covinro01,Robert Covington,203496
Torrey Craig,craigto01,Torrey Craig,1628470
Jae Crowder,crowdja01,Jae Crowder,203109
Jarrett Culver,culveja01,Jarrett Culver,1629633
Cade Cunningham,cunnica01,Cade Cunningham,1630595
Seth Curry,curryse01,Seth Curry,203552
Stephen Curry,curryst01,Stephen Curry,201939
Dyson Daniels,daniedy01,Dyson Daniels,1630700
Anthony Davis,davisan02,Anthony Davis,203076
JD Davison,davisjd01,JD Davison,1631120
Johnny Davis,davisjo06,Johnny Davis,1631098
Terence Davis,daviste02,Terence Davis,1629056
Darius Days,daysda01,Darius Days,1630620
Dewayne Dedmon,dedmode01,Dewayne Dedmon,203473
Matthew Dellavedova,dellama01,Matthew Dellavedova,203521
DeMar DeRozan,derozde01,DeMar DeRozan,201942
Mamadi Diakite,diakima01,Mamadi Diakite,1629603
Hamidou Diallo,diallha01,Hamidou Diallo,1628977
Gorgui Dieng,dienggo01,Gorgui Dieng,203476
Ousmane Dieng,diengou01,Ousmane Dieng,1631172
Spencer Dinwiddie,dinwisp01,Spencer Dinwiddie,203915
Donte DiVincenzo,divindo01,Donte DiVincenzo,1628978
Tyler Dorsey,dorsety01,Tyler Dorsey,1628416
Luguentz Dort,dortlu01,Luguentz Dort,1629652
Ayo Dosunmu,dosunay01,Ayo Dosunmu,1630245
Devon Dotson,dotsode01,Devon Dotson,1629653
PJ Dozier,doziepj01,PJ Dozier,1628408
Andre Drummond,drumman01,Andre Drummond,203083
Chris Duarte,duartch01,Chris Duarte,1630537
David Duke Jr.,dukeda01,David Duke Jr.,1630561
Kris Dunn,dunnkr01,Kris Dunn,1627739
Kevin Durant,duranke01,Kevin Durant,201142
Jalen Duren,durenja01,Jalen Duren,1631105
Tari Eason,easonta01,Tari Eason,1631106
Anthony Edwards,edwaran01,Anthony Edwards,1630162
Kessler Edwards,edwarke02,Kessler Edwards,1630556
Keon Ellis,elliske01,Keon Ellis,1631165
Joel Embiid,embiijo01,Joel Embiid,203954
Drew Eubanks,eubandr01,Drew Eubanks,1629234
Bruno Fernando,fernabr01,Bruno Fernando,1628981
Dorian Finney-Smith,finnedo01,Dorian Finney-Smith,1627827
Malachi Flynn,flynnma01,Malachi Flynn,1630201
Simone Fontecchio,fontesi01,Simone Fontecchio,1631323
Bryn Forbes,forbebr01,Bryn Forbes,1627854
Trent Forrest,forretr01,Trent Forrest,1630235
Michael Foster Jr.,fostemi02,Michael Foster Jr.,1630701
Evan Fournier,fournev01,Evan Fournier,203095
De'Aaron Fox,foxde01,De'Aaron Fox,1628368
Markelle Fultz,fultzma01,Markelle Fultz,1628365
Wenyen Gabriel,gabriwe01,Wenyen Gabriel,1629117
Daniel Gafford,gaffoda01,Daniel Gafford,1629655
Darius Garland,garlada01,Darius Garland,1629636
Usman Garuba,garubus01,Usman Garuba,1630586
Luka Garza,garzalu01,Luka Garza,1630568
Paul George,georgpa01,Paul George,202331
Taj Gibson,gibsota01,Taj Gibson,201959
Josh Giddey,giddejo01,Josh Giddey,1630581
Shai Gilgeous-Alexander,gilgesh01,Shai Gilgeous-Alexander,1628983
Anthony Gill,gillan01,Anthony Gill,1630264
Jacob Gilyard,gilyaja01,Jacob Gilyard,1631367
Rudy Gobert,goberru01,Rudy Gobert,203497
Jordan Goodwin,goodwjo01,Jordan Goodwin,1630692
Aaron Gordon,gordoaa01,Aaron Gordon,203932
Eric Gordon,gordoer01,Eric Gordon,201569
Devonte' Graham,grahade01,Devonte' Graham,1628984
Jerami Grant,grantje01,Jerami Grant,203924
RaiQuan Gray,grayra01,RaiQuan Gray,1630564
Danny Green,greenda02,Danny Green,201980
Draymond Green,greendr01,Draymond Green,203110
JaMychal Green,greenja01,JaMychal Green,203210
Javonte Green,greenja02,Javonte Green,1629750
Jalen Green,greenja05,Jalen Green,1630224
Jeff Green,greenje02,Jeff Green,201145
Josh Green,greenjo02,Josh Green,1630182
AJ Griffin,griffaj01,AJ Griffin,1631100
Blake Griffin,griffbl01,Blake Griffin,201933
Quentin Grimes,grimequ01,Quentin Grimes,1629656
Rui Hachimura,hachiru01,Rui Hachimura,1629060
Tyrese Haliburton,halibty01,Tyrese Haliburton,1630169
Jordan Hall,halljo02,Jordan Hall,1631160
R.J. Hampton,hamptrj01,R.J. Hampton,1630181
Tim Hardaway Jr.,hardati02,Tim Hardaway Jr.,203501
James Harden,hardeja01,James Harden,201935
Jaden Hardy,hardyja02,Jaden Hardy,1630702
Ron Harper Jr.,harpero02,Ron Harper Jr.,1631199
Montrezl Harrell,harremo01,Montrezl Harrell,1626149
Gary Harris,harriga01,Gary Harris,203914
Joe Harris,harrijo01,Joe Harris,203925
Kevon Harris,harrike01,Kevon Harris,1630284
Shaquille Harrison,harrish01,Shaquille Harrison,1627885
Tobias Harris,harrito02,Tobias Harris,202699
Isaiah Hartenstein,harteis01,Isaiah Hartenstein,1628392
Josh Hart,hartjo01,Josh Hart,1628404
Udonis Haslem,hasleud01,Udonis Haslem,2617
Sam Hauser,hausesa01,Sam Hauser,1630573
Jaxson Hayes,hayesja02,Jaxson Hayes,1629637
Killian Hayes,hayeski01,Killian Hayes,1630165
Gordon Hayward,haywago01,Gordon Hayward,202330
Tyler Herro,herroty01,Tyler Herro,1629639
Buddy Hield,hieldbu01,Buddy Hield,1627741
Haywood Highsmith,highsha01,Haywood Highsmith,1629312
George Hill,hillge01,George Hill,201588
Malcolm Hill,hillma01,Malcolm Hill,1630792
Aaron Holiday,holidaa01,Aaron Holiday,1628988
Jrue Holiday,holidjr01,Jrue Holiday,201950
Justin Holiday,holidju01,Justin Holiday,203200
Richaun Holmes,holmeri01,Richaun Holmes,1626158
Al Horford,horfoal01,Al Horford,201143
Talen Horton-Tucker,hortota01,Talen Horton-Tucker,1629659
Danuel House Jr.,houseda01,Danuel House Jr.,1627863
Caleb Houstan,houstca01,Caleb Houstan,1631216
Trevor Hudgins,hudgitr01,Trevor Hudgins,1631309
Kevin Huerter,huertke01,Kevin Huerter,1628989
Jay Huff,huffja01,Jay Huff,1630643
De'Andre Hunter,huntede01,De'Andre Hunter,1629631
Bones Hyland,hylanbo01,Bones Hyland,1630538
Serge Ibaka,ibakase01,Serge Ibaka,201586
Andre Iguodala,iguodan01,Andre Iguodala,2738
Joe Ingles,inglejo01,Joe Ingles,204060
Brandon Ingram,ingrabr01,Brandon Ingram,1627742
Kyrie Irving,irvinky01,Kyrie Irving,202681
Jonathan Isaac,isaacjo01,Jonathan Isaac,1628371
Jaden Ivey,iveyja01,Jaden Ivey,1631093
Frank Jackson,jacksfr01,Frank Jackson,1628402
Isaiah Jackson,jacksis01,Isaiah Jackson,1630543
Jaren Jackson Jr.,jacksja02,Jaren Jackson Jr.,1628991
Justin Jackson,jacksju01,Justin Jackson,1628382
Quenton Jackson,jacksqu01,Quenton Jackson,1631245
Reggie Jackson,jacksre01,Reggie Jackson,202704
LeBron James,jamesle01,LeBron James,2544
Ty Jerome,jeromty01,Ty Jerome,1629660
Isaiah Joe,joeis01,Isaiah Joe,1630198
Alize Johnson,johnsal02,Alize Johnson,1628993
Cameron Johnson,johnsca02,Cameron Johnson,1629661
James Johnson,johnsja01,James Johnson,201949
Jalen Johnson,johnsja05,Jalen Johnson,1630552
Keldon Johnson,johnske04,Keldon Johnson,1629640
Keon Johnson,johnske07,Keon Johnson,1630553
Stanley Johnson,johnsst04,Stanley Johnson,1626169
Carlik Jones,jonesca03,Carlik Jones,1630637
Damian Jones,jonesda03,Damian Jones,1627745
Derrick Jones Jr.,jonesde02,Derrick Jones Jr.,1627884
Herbert Jones,joneshe01,Herbert Jones,1630529
Kai Jones,joneska01,Kai Jones,1630539
Tre Jones,jonestr01,Tre Jones,1630200
Tyus Jones,jonesty01,Tyus Jones,1626145
DeAndre Jordan,jordade01,DeAndre Jordan,201599
Cory Joseph,josepco01,Cory Joseph,202709
Johnny Juzang,juzanjo01,Johnny Juzang,1630548
Mfiondu Kabengele,kabenmf01,Mfiondu Kabengele,1629662
Frank Kaminsky,kaminfr01,Frank Kaminsky,1626163
Trevor Keels,keelstr01,Trevor Keels,1631211
Luke Kennard,kennalu01,Luke Kennard,1628379
Walker Kessler,kesslwa01,Walker Kessler,1631117
Braxton Key,keybr01,Braxton Key,1630296
Louis King,kinglo02,Louis King,1629663
Corey Kispert,kispeco01,Corey Kispert,1630557
Maxi Kleber,klebima01,Maxi Kleber,1628467
Nathan Knight,knighna01,Nathan Knight,1630233
Christian Koloko,kolokch01,Christian Koloko,1631132
John Konchar,konchjo01,John Konchar,1629723
Furkan Korkmaz,korkmfu01,Furkan Korkmaz,1627788
Luke Kornet,kornelu01,Luke Kornet,1628436
Vit Krejci,krejcvi01,Vit Krejci,1630249
Jonathan Kuminga,kuminjo01,Jonathan Kuminga,1630228
Kyle Kuzma,kuzmaky01,Kyle Kuzma,1628398
Anthony Lamb,lamban01,Anthony Lamb,1630237
Jock Landale,landajo01,Jock Landale,1629111
Romeo Langford,langfro01,Romeo Langford,1629641
Jake LaRavia,laravja01,Jake LaRavia,1631222
Zach LaVine,lavinza01,Zach LaVine,203897
A.J. Lawson,lawsoaj01,A.J. Lawson,1630639
Damion Lee,leeda03,Damion Lee,1627814
Saben Lee,leesa01,Saben Lee,1630240
Alex Len,lenal01,Alex Len,203458
Kawhi Leonard,leonaka01,Kawhi Leonard,202695
Meyers Leonard,leoname01,Meyers Leonard,203086
Caris LeVert,leverca01,Caris LeVert,1627747
Kira Lewis Jr.,lewiski01,Kira Lewis Jr.,1630184
Damian Lillard,lillada01,Damian Lillard,203081
Nassir Little,littlna01,Nassir Little,1629642
Isaiah Livers,liveris01,Isaiah Livers,1630587
Kenneth Lofton Jr.,loftoke01,Kenneth Lofton Jr.,1631254
Kevon Looney,looneke01,Kevon Looney,1626172
Brook Lopez,lopezbr01,Brook Lopez,201572
Robin Lopez,lopezro01,Robin Lopez,201577
Kevin Love,loveke01,Kevin Love,201567
Kyle Lowry,lowryky01,Kyle Lowry,200768
Trey Lyles,lylestr01,Trey Lyles,1626168
Sandro Mamukelashvili,mamuksa01,Sandro Mamukelashvili,1630572
Terance Mann,mannte01,Terance Mann,1629611
Tre Mann,manntr01,Tre Mann,1630544
Naji Marshall,marshna01,Naji Marshall,1630230
Caleb Martin,martica02,Caleb Martin,1628997
Cody Martin,martico01,Cody Martin,1628998
Kenyon Martin Jr.,martike04,Kenyon Martin Jr.,1630231
Tyrese Martin,martity01,Tyrese Martin,1631213
Garrison Mathews,mathega01,Garrison Mathews,1629726
Bennedict Mathurin,mathube01,Bennedict Mathurin,1631097
Wesley Matthews,matthwe02,Wesley Matthews,202083
Tyrese Maxey,maxeyty01,Tyrese Maxey,1630178
Skylar Mays,mayssk01,Skylar Mays,1630219
Miles McBride,mcbrimi01,Miles McBride,1630540
Mac McClung,mccluma01,Mac McClung,1630644
CJ McCollum,mccolcj01,CJ McCollum,203468
T.J. McConnell,mccontj01,T.J. McConnell,204456
Jalen McDaniels,mcdanja01,Jalen McDaniels,1629667
Jaden McDaniels,mcdanja02,Jaden McDaniels,1630183
JaVale McGee,mcgeeja01,JaVale McGee,201580
Bryce McGowens,mcgowbr01,Bryce McGowens,1631121
Rodney McGruder,mcgruro01,Rodney McGruder,203585
Jordan McLaughlin,mclaujo01,Jordan McLaughlin,1629162
De'Anthony Melton,meltode01,De'Anthony Melton,1629001
Sam Merrill,merrisa01,Sam Merrill,1630241
Chimezie Metu,metuch01,Chimezie Metu,1629002
Khris Middleton,middlkh01,Khris Middleton,203114
Patty Mills,millspa02,Patty Mills,201988
Shake Milton,miltosh01,Shake Milton,1629003
Justin Minaya,minayju01,Justin Minaya,1631303
Josh Minott,minotjo01,Josh Minott,1631169
Davion Mitchell,mitchda01,Davion Mitchell,1630558
Donovan Mitchell,mitchdo01,Donovan Mitchell,1628378
Evan Mobley,mobleev01,Evan Mobley,1630596
Isaiah Mobley,mobleis01,Isaiah Mobley,1630600
Chima Moneke,monekch01,Chima Moneke,1631320
Malik Monk,monkma01,Malik Monk,1628370
Moses Moody,moodymo01,Moses Moody,1630541
Xavier Moon,moonxa01,Xavier Moon,1629875
Wendell Moore Jr.,moorewe01,Wendell Moore Jr.,1631111
Ja Morant,moranja01,Ja Morant,1629630
Markieff Morris,morrima02,Markieff Morris,202693
Monte Morris,morrimo01,Monte Morris,1628420
Trey Murphy III,murphtr02,Trey Murphy III,1630530
Dejounte Murray,murrade01,Dejounte Murray,1627749
Jamal Murray,murraja01,Jamal Murray,1627750
Keegan Murray,murrake02,Keegan Murray,1631099
Mike Muscala,muscami01,Mike Muscala,203488
Svi Mykhailiuk,mykhasv01,Svi Mykhailiuk,1629004
Larry Nance Jr.,nancela02,Larry Nance Jr.,1626204
Andrew Nembhard,nembhan01,Andrew Nembhard,1629614
Aaron Nesmith,nesmiaa01,Aaron Nesmith,1630174
Raul Neto,netora01,Raul Neto,203526
Georges Niang,niangge01,Georges Niang,1627777
Daishen Nix,nixda01,Daishen Nix,1630227
Zeke Nnaji,nnajize01,Zeke Nnaji,1630192
Nerlens Noel,noelne01,Nerlens Noel,203457
Jaylen Nowell,nowelja01,Jaylen Nowell,1629669
Frank Ntilikina,ntilila01,Frank Ntilikina,1628373
Kendrick Nunn,nunnke01,Kendrick Nunn,1629134
Jordan Nwora,nworajo01,Jordan Nwora,1629670
Chuma Okeke,okekech01,Chuma Okeke,1629643
Josh Okogie,okogijo01,Josh Okogie,1629006
Onyeka Okongwu,okongon01,Onyeka Okongwu,1630168
Isaac Okoro,okorois01,Isaac Okoro,1630171
KZ Okpala,okpalkz01,KZ Okpala,1629644
Victor Oladipo,oladivi01,Victor Oladipo,203506
Kelly Olynyk,olynyke01,Kelly Olynyk,203482
Eugene Omoruyi,omorueu01,Eugene Omoruyi,1630647
Royce O'Neale,onealro01,Royce O'Neale,1626220
Cedi Osman,osmande01,Cedi Osman,1626224
Kelly Oubre Jr.,oubreke01,Kelly Oubre Jr.,1626162
Chris Paul,paulch01,Chris Paul,101108
Cameron Payne,payneca01,Cameron Payne,1626166
Gary Payton II,paytoga02,Gary Payton II,1627780
Theo Pinson,pinsoth01,Theo Pinson,1629033
Scotty Pippen Jr.,pippesc02,Scotty Pippen Jr.,1630590
Mason Plumlee,plumlma01,Mason Plumlee,203486
Jakob Poeltl,poeltja01,Jakob Poeltl,1627751
Aleksej Pokusevski,pokusal01,Aleksej Pokusevski,1630197
Jordan Poole,poolejo01,Jordan Poole,1629673
Kevin Porter Jr.,porteke02,Kevin Porter Jr.,1629645
Michael Porter Jr.,portemi01,Michael Porter Jr.,1629008
Otto Porter Jr.,porteot01,Otto Porter Jr.,203490
Bobby Portis,portibo01,Bobby Portis,1626171
Micah Potter,pottemi01,Micah Potter,1630695
Dwight Powell,poweldw01,Dwight Powell,203939
Norman Powell,powelno01,Norman Powell,1626181
Jason Preston,prestja01,Jason Preston,1630554
Joshua Primo,primojo01,Joshua Primo,1630563
Taurean Prince,princta02,Taurean Prince,1627752
Payton Pritchard,pritcpa01,Payton Pritchard,1630202
Trevelin Queen,queentr01,Trevelin Queen,1630243
Neemias Queta,quetane01,Neemias Queta,1629674
Immanuel Quickley,quickim01,Immanuel Quickley,1630193
Lester Quinones,quinole01,Lester Quinones,1631311
Julius Randle,randlju01,Julius Randle,203944
Austin Reaves,reaveau01,Austin Reaves,1630559
Cam Reddish,reddica01,Cam Reddish,1629629
Davon Reed,reedda01,Davon Reed,1628432
Paul Reed,reedpa01,Paul Reed,1630194
Naz Reid,reidna01,Naz Reid,1629675
Jared Rhoden,rhodeja01,Jared Rhoden,1631197
Josh Richardson,richajo01,Josh Richardson,1626196
Nick Richards,richani01,Nick Richards,1630208
Austin Rivers,riverau01,Austin Rivers,203085
Duncan Robinson,robindu01,Duncan Robinson,1629130
Jeremiah Robinson-Earl,robinje02,Jeremiah Robinson-Earl,1630526
Mitchell Robinson,robinmi01,Mitchell Robinson,1629011
Orlando Robinson,robinor01,Orlando Robinson,1631115
David Roddy,roddyda01,David Roddy,1631223
Ryan Rollins,rolliry01,Ryan Rollins,1631157
Derrick Rose,rosede01,Derrick Rose,201565
Terrence Ross,rosste01,Terrence Ross,203082
Terry Rozier,roziete01,Terry Rozier,1626179
Ricky Rubio,rubiori01,Ricky Rubio,201937
D'Angelo Russell,russeda01,D'Angelo Russell,1626156
Matt Ryan,ryanma01,Matt Ryan,1630346
Domantas Sabonis,sabondo01,Domantas Sabonis,1627734
Olivier Sarr,sarrol01,Olivier Sarr,1630846
Jordan Schakel,schakjo01,Jordan Schakel,1630648
Admiral Schofield,schofad01,Admiral Schofield,1629678
Jay Scrubb,scrubja01,Jay Scrubb,1630206
Dereon Seabron,seabrde01,Dereon Seabron,1631220
Collin Sexton,sextoco01,Collin Sexton,1629012
Landry Shamet,shamela01,Landry Shamet,1629013
Day'Ron Sharpe,sharpda01,Day'Ron Sharpe,1630549
Shaedon Sharpe,sharpsh01,Shaedon Sharpe,1631101
Pascal Siakam,siakapa01,Pascal Siakam,1627783
Chris Silva,silvach01,Chris Silva,1629735
Ben Simmons,simmobe01,Ben Simmons,1627732
Kobi Simmons,simmoko01,Kobi Simmons,1628424
Anfernee Simons,simonan01,Anfernee Simons,1629014
Marko Simonovic,simonma01,Marko Simonovic,1630250
Jericho Sims,simsje01,Jericho Sims,1630579
Marcus Smart,smartma01,Marcus Smart,203935
Dennis Smith Jr.,smithde03,Dennis Smith Jr.,1628372
Dru Smith,smithdr01,Dru Smith,1630696
Ish Smith,smithis01,Ish Smith,202397
Jalen Smith,smithja04,Jalen Smith,1630188
Jabari Smith Jr.,smithja05,Jabari Smith Jr.,1631095
Xavier Sneed,sneedxa01,Xavier Sneed,1630270
Jeremy Sochan,sochaje01,Jeremy Sochan,1631110
Jaden Springer,sprinja01,Jaden Springer,1630531
Lamar Stevens,stevela01,Lamar Stevens,1630205
Isaiah Stewart,stewais01,Isaiah Stewart,1630191
Max Strus,strusma01,Max Strus,1629622
Jalen Suggs,suggsja01,Jalen Suggs,1630591
Edmond Sumner,sumneed01,Edmond Sumner,1628410
Cole Swider,swideco01,Cole Swider,1631306
Jae'Sean Tate,tateja01,Jae'Sean Tate,1630256
Jayson Tatum,tatumja01,Jayson Tatum,1628369
Terry Taylor,taylote01,Terry Taylor,1630678
Garrett Temple,templga01,Garrett Temple,202066
Dalen Terry,terryda01,Dalen Terry,1631207
Daniel Theis,theisda01,Daniel Theis,1628464
Cam Thomas,thomaca02,Cam Thomas,1630560
Klay Thompson,thompkl01,Klay Thompson,202691
JT Thor,thorjt01,JT Thor,1630550
Matisse Thybulle,thybuma01,Matisse Thybulle,1629680
Isaiah Todd,toddis01,Isaiah Todd,1630225
Obi Toppin,toppiob01,Obi Toppin,1630167
Juan Toscano-Anderson,toscaju01,Juan Toscano-Anderson,1629308
Karl-Anthony Towns,townska01,Karl-Anthony Towns,1626157
Gary Trent Jr.,trentga02,Gary Trent Jr.,1629018
P.J. Tucker,tuckepj01,P.J. Tucker,200782
Myles Turner,turnemy01,Myles Turner,1626167
Stanley Umude,umudest01,Stanley Umude,1630649
Jarred Vanderbilt,vandeja01,Jarred Vanderbilt,1629020
Fred VanVleet,vanvlfr01,Fred VanVleet,1627832
Devin Vassell,vassede01,Devin Vassell,1630170
Gabe Vincent,vincega01,Gabe Vincent,1629216
Noah Vonleh,vonleno01,Noah Vonleh,203943
Dean Wade,wadede01,Dean Wade,1629731
Franz Wagner,wagnefr01,Franz Wagner,1630532
Moritz Wagner,wagnemo01,Moritz Wagner,1629021
Ish Wainright,wainris01,Ish Wainright,1630688
Jabari Walker,walkeja01,Jabari Walker,1631133
Kemba Walker,walkeke02,Kemba Walker,202689
Lonnie Walker IV,walkelo01,Lonnie Walker IV,1629022
T.J. Warren,warretj01,T.J. Warren,203933
Duane Washington Jr.,washidu02,Duane Washington Jr.,1630613
P.J. Washington,washipj01,P.J. Washington,1629023
TyTy Washington Jr.,washity02,TyTy Washington Jr.,1631102
Yuta Watanabe,watanyu01,Yuta Watanabe,1629139
Lindy Waters III,waterli01,Lindy Waters III,1630322
Trendon Watford,watfotr01,Trendon Watford,1630570
Peyton Watson,watsope01,Peyton Watson,1631212
Russell Westbrook,westbru01,Russell Westbrook,201566
Coby White,whiteco01,Coby White,1629632
Derrick White,whitede01,Derrick White,1628401
Jack White,whiteja03,Jack White,1631298
Joe Wieskamp,wieskjo01,Joe Wieskamp,1630580
Andrew Wiggins,wiggian01,Andrew Wiggins,203952
Lindell Wigginton,wiggili01,Lindell Wigginton,1629623
Alondes Williams,willial06,Alondes Williams,1631214
Donovan Williams,willido02,Donovan Williams,1631495
Grant Williams,willigr01,Grant Williams,1629684
Jalen Williams,willija06,Jalen Williams,1631114
Jaylin Williams,willija07,Jaylin Williams,1631119
Jeenathan Williams,willije02,Jeenathan Williams,1631466
Kenrich Williams,willike04,Kenrich Williams,1629026
Mark Williams,willima07,Mark Williams,1631109
Patrick Williams,willipa01,Patrick Williams,1630172
Vince Williams Jr.,willivi01,Vince Williams Jr.,1631246
Zion Williamson,willizi01,Zion Williamson,1629627
Ziaire Williams,willizi02,Ziaire Williams,1630533
Dylan Windler,windldy01,Dylan Windler,1629685
Justise Winslow,winslju01,Justise Winslow,1626159
James Wiseman,wisemja01,James Wiseman,1630164
Christian Wood,woodch01,Christian Wood,1626174
Delon Wright,wrighde01,Delon Wright,1626153
McKinley Wright IV,wrighmc01,McKinley Wright IV,1630593
Gabe York,yorkga01,Gabe York,1628221
Thaddeus Young,youngth01,Thaddeus Young,201152
Trae Young,youngtr01,Trae Young,1629027
Omer Yurtseven,yurtsom01,Omer Yurtseven,1630209
Cody Zeller,zelleco01,Cody Zeller,203469
Ivica Zubac,zubaciv01,Ivica Zubac,1627826
Aaron Wiggins,wiggiaa01,Aaron Wiggins,1630598
Blake Wesley,weslebl01,Blake Wesley,1631104
Charles Bassey,bassech01,Charles Bassey,1629646
Doug McDermott,mcderdo01,Doug McDermott,203926
Isaiah Roby,robyis01,Isaiah Roby,1629676
Keita Bates-Diop,bateske01,Keita Bates-Diop,1628966
OG Anunoby,anunoog01,O.G. Anunoby,1628384
Patrick Baldwin Jr.,baldwpa01,Patrick Baldwin,1631116
Dāvis Bertāns,bertada01,Davis Bertans,202722
Bogdan Bogdanović,bogdabo01,Bogdan Bogdanovic,203992
Bojan Bogdanović,bogdabo02,Bojan Bogdanovic,202711
John Butler,butlejo01,John Butler Jr.,1631219
Vlatko Čančar,cancavl01,Vlatko Cancar,1628427
Moussa Diabaté,diabamo01,Moussa Diabate,1631217
Luka Dončić,doncilu01,Luka Doncic,1629029
Jeff Dowtin,dowtije01,Jeff Dowtin Jr.,1630288
Goran Dragić,dragigo01,Goran Dragic,201609
Rudy Gay,gayru01,Rudy Gay,200752
A.J. Green,greenaj01,AJ Green,1631260
Juancho Hernangómez,hernaju01,Juancho Hernangomez,1627823
Willy Hernangómez,hernawi01,Willy Hernangomez,1626195
Nikola Jokić,jokicni01,Nikola Jokic,203999
Nikola Jović,jovicni01,Nikola Jovic,1631107
Kevin Knox,knoxke01,Kevin Knox II,1628995
Théo Maledon,maledth01,Theo Maledon,1630177
Boban Marjanović,marjabo01,Boban Marjanovic,1626246
Lauri Markkanen,markkla01,Lauri Markkanen,1628374
Marcus Morris,morrima03,Marcus Morris Sr.,202694
Jusuf Nurkić,nurkiju01,Jusuf Nurkic,203994
Kristaps Porziņģis,porzikr01,Kristaps Porzingis,204001
Luka Šamanić,samanlu01,Luka Samanic,1629677
Dario Šarić,saricda01,Dario Saric,203967
Dennis Schröder,schrode01,Dennis Schroder,203471
Alperen Şengün,sengual01,Alperen Sengun,1630578
Xavier Tillman Sr.,tillmxa01,Xavier Tillman,1630214
Jonas Valančiūnas,valanjo01,Jonas Valanciunas,202685
Nikola Vučević,vucevni01,Nikola Vucevic,202696
John Wall,walljo01,John Wall,202322
Robert Williams,williro04,Robert Williams III,1629057
